{
    "A-n33-k5.vrp": {
        "cost": [
            713,
            726,
            694,
            695,
            703,
            684,
            689,
            705,
            719,
            697
        ],
        "proc_time": [
            60.52337833899992,
            56.90401601799999,
            58.051221302000044,
            57.24672259900001,
            56.61753851000003,
            57.40764733399999,
            58.95773000500003,
            56.988775872999895,
            58.545867305,
            58.656078550000075
        ]
    },
    "A-n34-k5.vrp": {
        "cost": [
            833,
            841,
            854,
            805,
            829,
            797,
            794,
            836,
            797,
            820
        ],
        "proc_time": [
            60.53312432100006,
            60.03284437100001,
            60.04972914099994,
            60.58776581899997,
            60.043385242999875,
            60.50961641899994,
            60.173569488999874,
            59.999628497,
            60.54276598600018,
            60.20608345300002
        ]
    },
    "A-n32-k5.vrp": {
        "cost": [
            799,
            831,
            841,
            845,
            811,
            794,
            843,
            848,
            828,
            786
        ],
        "proc_time": [
            61.900255814000005,
            60.114341674,
            56.17963216999999,
            60.46981793500001,
            60.39628118499999,
            60.476901604999966,
            56.305269273999954,
            59.177856491,
            60.56231195700002,
            60.02879842200002
        ]
    },
    "B-n31-k5.vrp": {
        "cost": [
            693,
            690,
            714,
            716,
            723,
            734,
            719,
            727,
            689,
            716
        ],
        "proc_time": [
            56.53435519499999,
            52.63021596300041,
            52.475289635999616,
            51.81405179400008,
            54.28156214699993,
            54.17149598399919,
            53.15772799700062,
            53.85770064400003,
            53.044943818999855,
            52.73692015600045
        ]
    },
    "A-n36-k5.vrp": {
        "cost": [
            899,
            896,
            827,
            900,
            870,
            883,
            854,
            886,
            866,
            851
        ],
        "proc_time": [
            60.56468116700012,
            60.43095062200018,
            60.138979212000095,
            60.42969248400004,
            60.02045866799995,
            60.20678405999979,
            60.07996844700028,
            60.32800921699982,
            60.59754174900036,
            60.65758591800022
        ]
    },
    "B-n39-k5.vrp": {
        "cost": [
            571,
            606,
            606,
            567,
            665,
            606,
            616,
            610,
            616,
            569
        ],
        "proc_time": [
            60.097925416999715,
            60.35247070100013,
            60.31287998300013,
            60.02886938899974,
            60.27236187899962,
            60.51618928100015,
            60.59403263999957,
            60.285266793999654,
            60.08856592899974,
            60.01078351999968
        ]
    },
    "B-n45-k5.vrp": {
        "cost": [
            794,
            821,
            855,
            798,
            795,
            830,
            814,
            875,
            820,
            796
        ],
        "proc_time": [
            60.0617734740008,
            60.25371750100021,
            60.784818397999516,
            60.43598930999997,
            60.855100021,
            60.31961274800051,
            60.65163285499966,
            60.24390196100012,
            60.26508131099945,
            60.277607078000074
        ]
    },
    "A-n38-k5.vrp": {
        "cost": [
            784,
            845,
            827,
            817,
            849,
            777,
            786,
            813,
            783,
            808
        ],
        "proc_time": [
            60.656888784999865,
            60.14367560299979,
            60.47594114100002,
            60.611849814999914,
            60.3192074210001,
            60.638241347000076,
            60.55011472199976,
            60.42939777999982,
            60.49104326099996,
            60.15908640999987
        ]
    },
    "A-n37-k5.vrp": {
        "cost": [
            711,
            733,
            793,
            730,
            744,
            728,
            739,
            713,
            794,
            732
        ],
        "proc_time": [
            60.005973755000014,
            60.16864838799984,
            60.22882193700025,
            60.33470809800019,
            60.70457389300009,
            60.169862625000405,
            60.163351633000275,
            60.322001238999746,
            60.60809871499987,
            60.36401857100009
        ]
    },
    "iteration": 100,
    "B-n35-k5.vrp": {
        "cost": [
            972,
            1011,
            1001,
            990,
            995,
            992,
            993,
            997,
            1019,
            992
        ],
        "proc_time": [
            60.30266720399959,
            60.09217693500068,
            60.04567948800013,
            60.3860775130006,
            60.3141530769999,
            60.471836091000114,
            60.11079871400034,
            60.25353273099972,
            60.48306456099999,
            60.570687131999875
        ]
    },
    "A-n39-k5.vrp": {
        "cost": [
            937,
            973,
            965,
            962,
            919,
            908,
            889,
            944,
            944,
            946
        ],
        "proc_time": [
            60.508798922000096,
            60.21558853400029,
            60.2611135760003,
            60.382384169000034,
            60.719720021000285,
            60.59758874599993,
            60.31280096399996,
            60.606372828000076,
            60.61533718599958,
            60.19901377899987
        ]
    },
    "algorithm": "sim_annealing",
    "B-n34-k5.vrp": {
        "cost": [
            797,
            789,
            805,
            798,
            879,
            793,
            824,
            826,
            792,
            798
        ],
        "proc_time": [
            60.36845874299979,
            60.127124642000126,
            60.23328145100004,
            60.51092217400037,
            60.6498347859997,
            60.01780805399994,
            60.43061733400009,
            60.36088242999995,
            60.243306186000154,
            60.54275586299991
        ]
    }
}